address,name,label,score,qualified,wins,losses,win_rate,resolved_n,open_n,trade_count,realized_pnl,last_scan,reasons
0x083fc52f8cb5225eaf5fee76fa10b416abe45c9c,arthas-,NORMAL,5,0,13,13,0.5,26,4,64,-3372.9329630174584,1786537564,low activity (64 trades); meaningful stakes (avg $309/market); buys uncertainty (median entry 0.61); geo/politics concentration 40%; late entries (median 3h before close)
0x0b46c19958d0032466eb3f2adb6e9d2b66cccd0b,TrumpNeckVagina,NORMAL,5,0,2,7,0.2222222222222222,9,15,81,-24066.194556100225,1786751565,"low activity (81 trades); meaningful stakes (avg $1,945/market); buys uncertainty (median entry 0.35); geo/politics concentration 58%; late entries (median 59h before close)"
0x2a17c545d823842cdc8baedb5d61ac4e32aeef0f,Aylmer29,INSIDER_SUSPECT,5,1,12,0,1.0,12,7,24,249.50999208000013,1786610366,perfect record: 12W/0L; low activity (24 trades); meaningful stakes (avg $412/market); geo/politics concentration 58%
0x4ac58d0883a1ed2692e146243f62d714fb687611,Spryto,NORMAL,5,0,3,3,0.5,6,1,11,136.22435395148332,1786604320,low activity (11 trades); meaningful stakes (avg $211/market); buys uncertainty (median entry 0.57); geo/politics concentration 86%; late entries (median 3h before close)
0x51a513e9d1b33b93c912f68372450cbdfc3db605,feodalism,NORMAL,5,0,8,8,0.5,16,1,54,-2954.1114000000002,1786552076,low activity (54 trades); meaningful stakes (avg $608/market); buys uncertainty (median entry 0.57); geo/politics concentration 41%; late entries (median 9h before close)
0x8faabef68d5951d3e06ca511dfc778ed6f54deb5,747281,NORMAL,5,0,7,1,0.875,8,27,84,6006.394541821194,1786426555,low activity (84 trades); meaningful stakes (avg $776/market); buys uncertainty (median entry 0.41); geo/politics concentration 86%; late entries (median 87h before close)
0x91327ef84dca65ca90eea309c5d455daee4b8256,bulian,INSIDER_SUSPECT,5,1,54,0,1.0,54,6,68,215.81081061909066,1786437085,perfect record: 54W/0L; low activity (68 trades); meaningful stakes (avg $404/market); late entries (median 87h before close)
0x95c2875b248a9bad1a1e7b968d6be016728d421b,gt1a,NORMAL,5,0,32,22,0.5925925925925926,54,7,152,5536.915063885896,1786715719,"low activity (152 trades); meaningful stakes (avg $1,715/market); buys uncertainty (median entry 0.74); geo/politics concentration 100%; late entries (median 4h before close)"
0xb4d2a33b651929309585d438b0b2cc7aaff4e7de,5555five,NEAR_PERFECT,5,1,29,2,0.9354838709677419,31,3,95,-299.1923311108895,1786746620,near-perfect: 94% over 31 resolved; low activity (95 trades); meaningful stakes (avg $732/market); geo/politics concentration 65%; late entries (median 3h before close)
0xc1288413973a8e48a28b702c94450a6b1fc3d982,sdfhel,NEAR_PERFECT,5,1,35,1,0.9722222222222222,55,2,59,119.52058503303726,1786739854,near-perfect: 97% over 55 resolved; low activity (59 trades); meaningful stakes (avg $812/market); geo/politics concentration 72%; late entries (median 2h before close)
0xc86529aa919192640368b848ab6e1ff9d14a2f6e,frodh1b,NORMAL,5,0,12,10,0.5454545454545454,22,4,39,1934.3300010014318,1786786322,low activity (39 trades); meaningful stakes (avg $405/market); buys uncertainty (median entry 0.47); geo/politics concentration 85%; late entries (median 13h before close)
0xcfeaa2e026b2d5e92d76c5925be6f41834c3cba7,Fanshawe2,INSIDER_SUSPECT,5,1,12,0,1.0,12,7,30,310.75100000000003,1786676875,perfect record: 12W/0L; low activity (30 trades); meaningful stakes (avg $426/market); geo/politics concentration 63%
0xd00ba510bb8791c490be2f6304d642ba7e378897,kissaki32,NORMAL,5,0,23,33,0.4107142857142857,56,3,100,-2317.8358020250635,1786565438,low activity (100 trades); meaningful stakes (avg $271/market); buys uncertainty (median entry 0.45); geo/politics concentration 63%; late entries (median 3h before close)
0x02a7f27cda39936b0c3d9c4dace0266d239475e2,anondeltorro,NEAR_PERFECT,4,1,395,25,0.9404761904761905,432,2,584,3477.8947143454943,1786732011,near-perfect: 94% over 432 resolved; meaningful stakes (avg $595/market); geo/politics concentration 73%; late entries (median 2h before close)
0x1a6e808ccb585b1c8300ffd28263e5da5827b5bc,ZeUkr,NORMAL,4,0,46,46,0.5,92,5,138,17443.283656522923,1786547370,"low activity (138 trades); meaningful stakes (avg $1,806/market); buys uncertainty (median entry 0.57); late entries (median 5h before close)"
0x30c16e063c3be66d93acf14c06e2741e348f9f91,Ditto321,NORMAL,4,0,55,39,0.5851063829787234,94,27,310,170420.80293755623,1786447386,"meaningful stakes (avg $2,870/market); buys uncertainty (median entry 0.53); geo/politics concentration 40%; late entries (median 3h before close)"
0x33b45b246a2b8d69f96f3ca615b940c48d5b0f91,Denbigh,NEAR_PERFECT,4,1,22,2,0.9166666666666666,24,6,36,583.34772,1786604331,near-perfect: 92% over 24 resolved; low activity (36 trades); meaningful stakes (avg $344/market); late entries (median 22h before close)
0x43b9fb91a92b1f9c5aa6ea779f418b4e768d5db9,UntitledUser1,NORMAL,4,0,21,9,0.7,30,58,553,1894.5609700058221,1786561835,meaningful stakes (avg $843/market); buys uncertainty (median entry 0.63); geo/politics concentration 47%; late entries (median 0h before close)
0x49eaeca84633b706776c86955edae6ebfcae36cd,daccongbcr,NORMAL,4,0,15,6,0.7142857142857143,21,1,25,10212.201600096634,1786638430,low activity (25 trades); meaningful stakes (avg $704/market); buys uncertainty (median entry 0.57); late entries (median 4h before close)
0x4ac4afdf41718ffa0a8da9c25d8ae6c1ae681a34,0xE803d29468a46F48FBEE7fAfF51f2b0D78f3Def0-1766707294864,NORMAL,4,0,16,15,0.5161290322580645,31,1,98,2472.006901154819,1786527812,low activity (98 trades); meaningful stakes (avg $725/market); buys uncertainty (median entry 0.47); late entries (median 3h before close)
0x52f10b770db72c402f6fc5c49c114a294ec635cb,0x52f10B770DB72C402f6Fc5C49c114A294Ec635CB-1776135307425,NORMAL,4,0,11,9,0.55,20,1,41,395.77490414932726,1786450329,low activity (41 trades); buys uncertainty (median entry 0.47); geo/politics concentration 57%; late entries (median 3h before close)
0x5e4b3a4b627e460832d419c48ef7f393a44730f2,Patfield,NORMAL,4,0,3,1,0.75,6,6,22,531.2663899999999,1786432704,low activity (22 trades); meaningful stakes (avg $278/market); buys uncertainty (median entry 0.48); geo/politics concentration 92%
0x6274f5f961800af6ddef3d6a362ba12422166907,Amberleigh,NEAR_PERFECT,4,1,32,2,0.9411764705882353,34,7,45,1168.19187504,1786604328,near-perfect: 94% over 34 resolved; low activity (45 trades); meaningful stakes (avg $341/market); late entries (median 19h before close)
0x79c68cc54dbb42a026efdb9381db33b8fa524cf3,icclic,NORMAL,4,0,73,59,0.553030303030303,132,7,252,-1694.9439742896393,1786648250,meaningful stakes (avg $260/market); buys uncertainty (median entry 0.53); geo/politics concentration 76%; late entries (median 6h before close)
0x85f3136f1196283b68dc9098e93631e4b8e602b2,dgfer3regdry99,NORMAL,4,0,11,6,0.6470588235294118,17,3,26,43.18377993251323,1786794541,low activity (26 trades); meaningful stakes (avg $529/market); buys uncertainty (median entry 0.65); geo/politics concentration 55%
0x8a2cfd16e0ee75fe9b6e41042b5e67faf5ad3c32,,NORMAL,4,0,234,142,0.6223404255319149,376,4,716,-5273.635280893218,1786794587,meaningful stakes (avg $508/market); buys uncertainty (median entry 0.65); geo/politics concentration 46%; late entries (median 3h before close)
0x8fba2c29715c41dd87e781c23373aa1e0549d08a,abura2025,NORMAL,4,0,59,59,0.5,118,5,159,350629.7294195455,1786426115,"low activity (159 trades); meaningful stakes (avg $4,582/market); buys uncertainty (median entry 0.44); late entries (median 6h before close)"
0xa06ac74809c95107a40d6332f9fa3f3cecead284,itskkoma,NORMAL,4,0,50,31,0.6172839506172839,81,2,149,17395.373243302147,1786426107,"low activity (149 trades); meaningful stakes (avg $1,366/market); buys uncertainty (median entry 0.53); late entries (median 2h before close)"
0xb4f978be63cdf75554b0b46a4262a6db597cc9a7,0xb4F978BE63cDF75554b0B46a4262a6dB597cc9A7-1779258330186,NORMAL,4,0,45,41,0.5232558139534884,86,3,133,20871.026893055776,1786426002,low activity (133 trades); meaningful stakes (avg $436/market); buys uncertainty (median entry 0.47); late entries (median 6h before close)
0xbbfb958eda161024ccdbd3b9cea71214ca784d8d,Sl1mJim33,NORMAL,4,0,23,8,0.7419354838709677,33,19,75,-33.69319201395286,1786610370,low activity (75 trades); meaningful stakes (avg $393/market); geo/politics concentration 52%; late entries (median 23h before close)
0xd77207eb969757de7adcf3530b415fbab8201d8f,blessedna,NORMAL,4,0,24,16,0.6,40,4,96,488.83876495495406,1786798235,low activity (96 trades); meaningful stakes (avg $651/market); buys uncertainty (median entry 0.58); late entries (median 2h before close)
0xdf44c3e8ce0a3f66dd4cdf7688e1f23500d770f1,vv-vv,NEAR_PERFECT,4,1,17,1,0.9444444444444444,18,32,223,7126.033908127346,1786537576,"near-perfect: 94% over 18 resolved; meaningful stakes (avg $3,036/market); geo/politics concentration 50%; late entries (median 9h before close)"
0xf2a5c9c77863715c2cc1a6d34670e8b75ba155d6,0xF2a5C9C77863715C2cC1A6d34670e8b75BA155d6-1767643912208,NORMAL,4,0,27,14,0.6585365853658537,41,6,78,-1638.1536886238134,1786690525,"low activity (78 trades); meaningful stakes (avg $1,725/market); buys uncertainty (median entry 0.56); late entries (median 4h before close)"
0x1e3de94d393733765c062fa4e37299f7cf0334ef,axkone,NORMAL,3,0,229,168,0.5768261964735516,397,8,626,12678.606653753965,1786537560,meaningful stakes (avg $209/market); buys uncertainty (median entry 0.60); late entries (median 7h before close)
0x2206641c1f01b9edd821240469c94aa3030349d6,RiceMuncherr,NORMAL,3,0,28,39,0.417910447761194,67,74,178,-1931.140223602166,1786633778,low activity (178 trades); buys uncertainty (median entry 0.25); late entries (median 3h before close)
0x2dc13c6bda81b202281e796953a7323de675b33c,xifutloong3,NORMAL,3,0,141,106,0.5708502024291497,247,0,573,122949.9678355382,1786426087,"meaningful stakes (avg $17,106/market); buys uncertainty (median entry 0.55); late entries (median 3h before close)"
0x3885adcec9cf57dd27edd0a878309dc077462cd8,Eiqual,NORMAL,3,0,172,162,0.5149700598802395,334,13,556,-2367.2037813794946,1786723218,meaningful stakes (avg $266/market); buys uncertainty (median entry 0.51); late entries (median 2h before close)
0x41d11a25fb23db3276db8f0cdb183e0b34fbbac0,ForMyFamily3,NORMAL,3,0,99,101,0.495,200,5,562,-5943.268987403606,1786543246,meaningful stakes (avg $614/market); buys uncertainty (median entry 0.49); late entries (median 3h before close)
0x4a72b1d5128cf5b03deeee90cc878d5a60301608,tobiasmathis,NORMAL,3,0,6,21,0.2222222222222222,29,4,50,-110.11590100123814,1786791175,low activity (50 trades); buys uncertainty (median entry 0.54); late entries (median 47h before close)
0x5544a5320735f2e0c0c79c0c3bda259e5481d291,Altar888,NORMAL,3,0,4,17,0.19047619047619047,22,4,42,-706.6231903000138,1786475472,low activity (42 trades); buys uncertainty (median entry 0.12); geo/politics concentration 50%
0x5944f6f6c55e175cc4eb69d56c0a3c4d6983764e,Danil13524,NORMAL,3,0,99,105,0.4852941176470588,204,32,490,-6043.7403949341115,1786663186,meaningful stakes (avg $390/market); buys uncertainty (median entry 0.51); late entries (median 3h before close)
0x597aa88c872c83a36ae673ed334632136039b27c,zunigacase,NORMAL,3,0,12,17,0.41379310344827586,31,5,55,71.90647800752262,1786791166,low activity (55 trades); buys uncertainty (median entry 0.55); late entries (median 22h before close)
0x5caec2331059ed7bbead580c8bc56e2d1896a00a,halomango,NORMAL,3,0,124,87,0.5876777251184834,211,0,239,79352.39436209503,1786426321,"meaningful stakes (avg $2,351/market); buys uncertainty (median entry 0.52); late entries (median 13h before close)"
0x5d1d5c3d83c3dff547f510cf902cbc566061c65e,Trefford,NORMAL,3,0,7,1,0.875,8,5,19,-75.94100001989996,1786610364,low activity (19 trades); meaningful stakes (avg $368/market); geo/politics concentration 77%
0x5e6e2c3f06686f2607b86c90e35f536e81a1be00,WARNINGWARNINGWARNING,NORMAL,3,0,311,212,0.5946462715105163,523,5,736,611877.9458145332,1786460972,"meaningful stakes (avg $4,480/market); buys uncertainty (median entry 0.51); late entries (median 9h before close)"
0x5e9458202b5817a72cf81105ec8a30e6f3705ba1,pleaseplease123,NORMAL,3,0,162,165,0.4954128440366973,327,0,545,254916.56270552907,1786425894,"meaningful stakes (avg $32,870/market); buys uncertainty (median entry 0.52); late entries (median 6h before close)"
0x61a81cff39f833a84cdff8cb68b86b08733c519d,jean01101,NORMAL,3,0,194,190,0.5052083333333334,385,6,601,-665.5207756601815,1786629671,meaningful stakes (avg $240/market); buys uncertainty (median entry 0.47); late entries (median 4h before close)
0x67cb2ec893b4d33d60d0c79e134afa7c8b9d0569,0x67cB2EC893B4d33d60D0c79E134AfA7C8b9D0569-1728214280600,NORMAL,3,0,50,68,0.423728813559322,118,6,153,1935.8297981966743,1786483429,low activity (153 trades); buys uncertainty (median entry 0.31); late entries (median 20h before close)
0x6c9ebd31037e142a151689a9e1fa3b72789578b0,willacosta,NORMAL,3,0,4,17,0.19047619047619047,23,5,47,76.14336001678805,1786791174,low activity (47 trades); meaningful stakes (avg $203/market); buys uncertainty (median entry 0.53)
0x7373d0b5e3b1ca7ab3eeddd985b797c760e33964,klfn2,NORMAL,3,0,307,135,0.6945701357466063,443,4,772,4162.530561752976,1786719514,meaningful stakes (avg $363/market); buys uncertainty (median entry 0.70); late entries (median 4h before close)
0x79d980791ab82aff891eee32d41b4e1fbb07baec,skibabiba,NORMAL,3,0,78,9,0.896551724137931,87,40,164,23352.25732828102,1786437105,"low activity (164 trades); meaningful stakes (avg $2,580/market); geo/politics concentration 69%"
0x7d56d84778fc6caa66f517be0ebe1df5d9f54950,AF2028,NORMAL,3,0,13,13,0.5,26,9,357,-32501.332117097125,1786426212,"meaningful stakes (avg $6,578/market); buys uncertainty (median entry 0.03); geo/politics concentration 80%"
0x82398835fe16616214d928ba87127e28fc1cd9a3,Kosherlocks,NORMAL,3,0,117,75,0.609375,192,13,322,129400.07004810388,1786425679,"meaningful stakes (avg $3,930/market); buys uncertainty (median entry 0.56); late entries (median 4h before close)"
0x825a96fbae9189ea41bb2aa70e7572970f408835,noman2026,NORMAL,3,0,25,9,0.7352941176470589,34,12,155,20307.95049930534,1786426327,"low activity (155 trades); meaningful stakes (avg $3,504/market); buys uncertainty (median entry 0.49)"
0x842a65269863fd7d2de60d4ccd363a582cbaa742,SirDaniel,NORMAL,3,0,193,128,0.6012461059190031,321,5,488,49589.24329448107,1786527851,buys uncertainty (median entry 0.49); geo/politics concentration 56%; late entries (median 3h before close)
0x861f4149171db053c73382c40d2c7e5408fd177d,D7422D98eA0d5b6Dd942a8eEd1d2a61945bFd0,NORMAL,3,0,5,5,0.5,10,7,335,30201.012436549903,1786426170,"meaningful stakes (avg $11,640/market); buys uncertainty (median entry 0.49); late entries (median 30h before close)"
0x95c70f0a5e5f4229fd1ce989c862071b98524000,Middleatman,NORMAL,3,0,93,25,0.788135593220339,118,2,125,1082.6911409172333,1786432669,low activity (125 trades); meaningful stakes (avg $607/market); late entries (median 8h before close)
0xa08455c829a493054315e40e7817321e8c77bb99,laozishudaosan,NORMAL,3,0,147,143,0.506896551724138,291,0,594,236684.8326406851,1786426373,"meaningful stakes (avg $4,389/market); buys uncertainty (median entry 0.46); late entries (median 4h before close)"
0xa7df7b1200442d92ec6c997dabd7428cb04fabe9,ll12l12,NORMAL,3,0,14,12,0.5384615384615384,27,1,35,2029.660475058456,1786629672,low activity (35 trades); meaningful stakes (avg $845/market); late entries (median 17h before close)
0xb272505077cc2c6bde5acca133ea6364152e5030,BaseballBill,NORMAL,3,0,73,75,0.49324324324324326,148,18,206,46766.46611932011,1786604325,"meaningful stakes (avg $1,611/market); buys uncertainty (median entry 0.40); late entries (median 4h before close)"
0xb589734f08a5b12a7b6f30b782a5deeace3f91e3,vananal0318,NORMAL,3,0,192,162,0.5423728813559322,355,1,567,111069.25665869731,1786527822,"meaningful stakes (avg $1,548/market); buys uncertainty (median entry 0.42); late entries (median 3h before close)"
0xbf1e7079a35d692149dbf01bf1c7445a840c5e1b,blazeaudley,NORMAL,3,0,9,19,0.32142857142857145,29,5,51,196.93699701098126,1786791172,low activity (51 trades); buys uncertainty (median entry 0.57); late entries (median 37h before close)
0xc7e7eed3b86669ed14647d51d23f0725c48b40b4,PeterEriksson,NORMAL,3,0,76,69,0.5241379310344828,145,19,739,13282.639868018652,1786771827,meaningful stakes (avg $210/market); buys uncertainty (median entry 0.24); geo/politics concentration 71%
0xd34f2b5e9ee02bed8a107fdf9bda2d866dc61c95,GoingGangrene,NEAR_PERFECT,3,1,304,27,0.918429003021148,334,4,712,10118.411578915471,1786425518,"near-perfect: 92% over 334 resolved; meaningful stakes (avg $1,566/market); late entries (median 3h before close)"
0xe55aab114e95fff2fa267313916381d79323ecf7,steevenseakael,NORMAL,3,0,58,49,0.5420560747663551,107,0,252,95724.0717979298,1786425999,"meaningful stakes (avg $6,407/market); buys uncertainty (median entry 0.51); late entries (median 10h before close)"
0xe6a9d2301ed7e1222002d04e9463c5f521d9e35a,Eddd1x,NORMAL,3,0,156,142,0.5234899328859061,299,7,665,32819.244336294396,1786426157,"meaningful stakes (avg $1,561/market); buys uncertainty (median entry 0.56); late entries (median 3h before close)"
0xe88eb9e298c9731ccd4b03b5060aa8025d8e6d17,jaidenhurst,NORMAL,3,0,4,16,0.2,22,5,45,-124.36159699898988,1786791168,low activity (45 trades); meaningful stakes (avg $213/market); buys uncertainty (median entry 0.49)
0xeb43947e764e190697df27b508f897e8b0df4201,,NORMAL,3,0,50,59,0.45871559633027525,109,0,440,-144035.1533227786,1786426387,"meaningful stakes (avg $5,778/market); buys uncertainty (median entry 0.49); late entries (median 2h before close)"
0xf01ac1aa9fef8eabc5e3c764747aabddaa90f231,SubashChandraBose,NORMAL,3,0,88,11,0.8888888888888888,99,38,321,3359.7286405135587,1786709469,meaningful stakes (avg $771/market); geo/politics concentration 74%; late entries (median 12h before close)
0xf93de2600b3a93fda7a128f1a30ad0272719fc9b,0xf93DE2600b3A93fDA7a128F1a30ad0272719fc9B-1766503495210,NORMAL,3,0,119,125,0.48770491803278687,244,72,552,-9187.580364612033,1786543294,meaningful stakes (avg $559/market); buys uncertainty (median entry 0.50); late entries (median 5h before close)
0xf9a413b34032056d7009f12744a7d93335c28427,ll0102351,NORMAL,3,0,143,143,0.5,286,6,532,-5045.568835608575,1786633793,meaningful stakes (avg $421/market); buys uncertainty (median entry 0.51); late entries (median 9h before close)
0x0b8a104ad28d3d243a592bec6b45e25992d50af1,BernardSt5,NORMAL,2,0,66,12,0.8461538461538461,78,5,243,407.13902915594775,1786483408,meaningful stakes (avg $346/market); late entries (median 20h before close)
0x228b8d11eba89bf1c554f8879a9293b7106daf4c,0x228B8d11EBa89BF1c554f8879a9293B7106DaF4c-1765442354872,NORMAL,2,0,47,38,0.5529411764705883,89,0,206,504.92204594832197,1786426175,buys uncertainty (median entry 0.53); late entries (median 3h before close)
0x24aab9f0ffe38a718f988760f5d27c8418317e0a,Wtfitst2daj,NORMAL,2,0,61,66,0.48031496062992124,128,20,212,160.34878973572575,1786425528,buys uncertainty (median entry 0.45); late entries (median 87h before close)
0x381d1571fb0d824cf0013c50cec61ee2ba75d9a4,passcade,NORMAL,2,0,6,16,0.2727272727272727,24,4,45,366.5225410052472,1786791170,low activity (45 trades); buys uncertainty (median entry 0.55)
0x383f82d7bbb7f5c9044cacce05b9808766db5bd5,Granthamhg,NORMAL,2,0,17,10,0.6296296296296297,30,12,81,68.20193911182662,1786517703,low activity (81 trades); geo/politics concentration 40%
0x5678a44d43bf78849053bf598e67cafd6c57e468,monkeyoffmeback,NORMAL,2,0,37,16,0.6981132075471698,54,24,140,-448.0402878386847,1786426552,low activity (140 trades); meaningful stakes (avg $271/market)
0x56dd88184e3bcd9b20e37c29fc3474bc2b3f83d5,koreysmith123,NORMAL,2,0,93,190,0.3286219081272085,283,5,705,-55.6555845118349,1786547385,buys uncertainty (median entry 0.39); late entries (median 2h before close)
0x7ccd8f3878198d21b1209fe7aed17601e6e0d915,HDHVHJ,NORMAL,2,0,34,65,0.3434343434343434,100,81,501,613.0782088338873,1786782997,"meaningful stakes (avg $1,709/market); geo/politics concentration 40%"
0x7fc6e183e48e2f7658cd825ff4f40e44e9327306,tradingdecs,NORMAL,2,0,61,214,0.22181818181818183,279,26,598,10653.439460897931,1786483424,buys uncertainty (median entry 0.09); late entries (median 45h before close)
0x84eeecd1b7e901ca0f3c36842f9f7a44301564b4,BERICHING,NORMAL,2,0,120,59,0.6703910614525139,179,3,322,-743.7873468087785,1786765682,buys uncertainty (median entry 0.68); late entries (median 4h before close)
0x9765b5ff568c548d1620ef99ddd9d290ede1436b,byteA,NORMAL,2,0,63,16,0.7974683544303798,79,14,173,2677.253005157974,1786616117,low activity (173 trades); meaningful stakes (avg $583/market)
0xa33d7104059352d748d0e38546c4aeaed112eabe,XVHJSGD,NORMAL,2,0,33,48,0.4074074074074074,82,87,502,3931.4783729287806,1786793194,"meaningful stakes (avg $1,902/market); geo/politics concentration 44%"
0xecc90c67e3100ce7e7e33f6c641a03237fe55f71,0xeCc90C67E3100ce7e7E33F6c641A03237FE55f71-1770624266352,NORMAL,2,0,257,64,0.8006230529595015,322,3,712,44543.17755208009,1786561830,buys uncertainty (median entry 0.56); late entries (median 0h before close)
0x0063b23cdeb43166d6c0246c05baaf9b9bd72dd2,TommyLeePeeca,ARB,0,0,46,18,0.71875,64,6,4422,20138.43290543157,1786794526,holds both sides in 93% of markets
0x011f2d377e56119fb09196dffb0948ae55711122,11122,SCALPER,0,0,93,84,0.5254237288135594,179,89,1000,8464.354769657146,1786490374,1000 trades — market-maker/scalper profile
0x012b7b4b9c481bea57e338ed951c79bed8124745,Marco2725,SCALPER,0,0,722,22,0.9704301075268817,793,30,1000,-1177.9400808772139,1786791224,1000 trades — market-maker/scalper profile
0x0224bb9eb0a5c9fd261ac9123a72cbdd5748292a,zb8,SCALPER,0,0,182,165,0.5244956772334294,348,35,1000,269485.54709186737,1786532822,1000 trades — market-maker/scalper profile
0x03759e18cd1c9c7d43f25aa5783b3edf979ab4ca,Kashabasha,NORMAL,0,0,2,0,1.0,2,4,16,57.81996198927196,1786522989,only 2 resolved markets — not enough history
0x03805a13a0b3e058f55f6c6af95389d4f431073d,donthackme,SCALPER,0,0,2,2,0.5,4,395,1000,-258.6,1786425768,1000 trades — market-maker/scalper profile
0x05374492e37f036fb751d708fe487aeca60b5b0f,Frigg,SCALPER,0,0,127,27,0.8246753246753247,154,9,1000,39750.61929824693,1786676885,1000 trades — market-maker/scalper profile
0x076daa87c4fe1a85402a9b6b8e0a866224388d4c,,SCALPER,0,0,79,86,0.47878787878787876,165,156,1000,2842.8173668123977,1786426143,1000 trades — market-maker/scalper profile
0x0bf840764ca2efac73ba45dbc67142fdd91403b2,Edwardkang3080,SCALPER,0,0,255,147,0.6343283582089553,402,12,1000,31335.2979919668,1786532764,1000 trades — market-maker/scalper profile
0x0e50849ef225489b1879e3418e5b7633355a2609,Meowtchi,SCALPER,0,0,506,418,0.5476190476190477,925,1,1000,73045.88595889758,1786629659,1000 trades — market-maker/scalper profile
0x10d79cc72df76ea3d6bdc2d54f41dbcbbb18bbf6,El-Toque-De-Midas,ARB,0,0,79,43,0.6475409836065574,122,7,1724,3596.508690701547,1786642366,holds both sides in 63% of markets
0x122cb94c437ea5e6f088c6c0c143c592ab8efbed,0x122Cb94C437EA5e6f088c6c0C143c592ab8EFBed-1782168978900,SCALPER,0,0,89,69,0.5632911392405063,159,245,3110,6020.200139996957,1786659692,3110 trades — market-maker/scalper profile
0x14366189bbd03f3a12fdf442d998b0ee21860121,Minne2507,SCALPER,0,0,161,105,0.6052631578947368,266,6,999,646.9344605306385,1786437099,999 trades — market-maker/scalper profile
0x146c0707fc89c98f0873aab28bb4b45d7a7bb807,Double-Double,SCALPER,0,0,274,285,0.49016100178890876,559,12,1000,4663.464054329821,1786794537,1000 trades — market-maker/scalper profile
0x1610db79f753a80207e1d66716be9e91e627ae49,0x1610DB79f753a80207E1d66716be9E91E627AE49-1778875286261,SCALPER,0,0,50,42,0.5434782608695652,92,4,1020,297980.01549691305,1786794539,1020 trades — market-maker/scalper profile
0x162f6fff88a52864f2ecc9833e58089d5254798d,Valen9,SCALPER,0,0,152,38,0.8,190,56,1000,1048639.4462305638,1786532721,1000 trades — market-maker/scalper profile
0x16bb9951a36fce71e2ef57890b786145e0ba8492,SDTrading,SCALPER,0,0,322,357,0.4742268041237113,679,5,1000,2660.4448684289428,1786425725,1000 trades — market-maker/scalper profile
0x1ab3580b6d258e31ca0a3efdb93173d081dd64af,Satisfied,NORMAL,0,0,2,0,1.0,2,0,2,6850.991100000001,1786425768,only 2 resolved markets — not enough history
0x1c147f2ecc502e1283e5d51d0352cbc386656342,emp992,SCALPER,0,0,250,23,0.9157509157509157,273,22,1000,4428.496843092944,1786623164,1000 trades — market-maker/scalper profile
0x1d2efa184454366ad3e79f3395d25396c20b896d,huli3882,SCALPER,0,0,267,380,0.4126738794435858,648,1,1000,101229.73196950034,1786426248,1000 trades — market-maker/scalper profile
0x1d603dad31fac599c1de6b6002d066993460453d,Ru386,SCALPER,0,0,338,174,0.66015625,512,35,999,10170.851868296719,1786659649,999 trades — market-maker/scalper profile
0x1ee9a5fc09665909c0cce297c581703bfbb9197f,vinii,SCALPER,0,0,123,43,0.7409638554216867,169,283,1000,17217.254668096368,1786659675,1000 trades — market-maker/scalper profile
0x1fb7053bb490c6ec05a78fe2ed383af48526fb66,Arcus-AI,ARB,0,0,136,81,0.6267281105990783,217,2,998,22273.685570509075,1786751563,holds both sides in 30% of markets
0x2005d16a84ceefa912d4e380cd32e7ff827875ea,RN1,ARB,0,0,304,305,0.49917898193760263,610,10,1994,-347.1550225954545,1786791238,holds both sides in 34% of markets
0x204f72f35326db932158cba6adff0b9a1da95e14,swisstony,ARB,0,0,42,51,0.45161290322580644,93,38,1000,-392.15057406677784,1786426091,holds both sides in 47% of markets
0x224a89dbe0db0d6124b335edabd15b3f877da3d5,wr0ngw4yb3tt0r,SCALPER,0,0,125,142,0.4681647940074906,268,1,1000,147957.01277066264,1786425995,1000 trades — market-maker/scalper profile
0x27f738fe203827445690339104aae35b20bc44b0,ic4cream,SCALPER,0,0,205,119,0.6327160493827161,324,8,1000,264556.41260010167,1786425743,1000 trades — market-maker/scalper profile
0x29788995bd3d54faec1c4cf8b37f564793deb511,MMzz398,SCALPER,0,0,45,95,0.32142857142857145,140,14,993,6751.0524629266565,1786750056,993 trades — market-maker/scalper profile
0x29b52d98ac9ef9414b04164246c95bc63d74cc6c,0x29b52d98ac9ef9414b04164246c95BC63d7,SCALPER,0,0,106,75,0.585635359116022,182,12,1237,-18567.718799294416,1786663190,1237 trades — market-maker/scalper profile
0x2c335066fe58fe9237c3d3dc7b275c2a034a0563,0x2c335066FE58fe9237c3d3Dc7b275C2a034a0563-1759935795465,SCALPER,0,0,229,229,0.5,459,17,1342,271647.87927465595,1786633770,1342 trades — market-maker/scalper profile
0x34ab33da0f9576174aef6996ebae64b7d759f1db,TrangNgo,SCALPER,0,0,202,12,0.9439252336448598,214,57,1000,3189.5236902826705,1786765678,1000 trades — market-maker/scalper profile
0x369f46433349a57cd6d08abf2819da737c09873e,kindar,NORMAL,0,0,0,0,0.0,0,1,4,0.0,1786666161,only 0 resolved markets — not enough history
0x36e9fd30b2dc5d62f4b94095361d517bb187d246,ScotyxilZZZ,SCALPER,0,0,252,151,0.6253101736972705,405,2,999,-1905.9930511580144,1786642381,999 trades — market-maker/scalper profile
0x38181f43e5802391522583a82d05893df3039797,MissingJoy,SCALPER,0,0,423,279,0.6025641025641025,702,19,1000,131670.68014698394,1786620171,1000 trades — market-maker/scalper profile
0x399b81df49fc2fd963d0618156fb701e0bfd765e,7757,SCALPER,0,0,636,23,0.9650986342943855,668,4,1000,14547.677263496507,1786532803,1000 trades — market-maker/scalper profile
0x3c343aefac78ff1ff08093e06df52fc7a6b06fbd,,NORMAL,0,0,0,0,0.0,0,1,19,0.0,1786779344,only 0 resolved markets — not enough history
0x448861155279dbf833d041b963e3ac854599e319,Flipadelphia,SCALPER,0,0,339,353,0.48988439306358383,701,21,1000,23766.321283091664,1786426033,1000 trades — market-maker/scalper profile
0x44b70f740651c1eb1a9829b35440aea0e28b2e99,iuH1398SI,SCALPER,0,0,33,29,0.532258064516129,64,58,998,-1374.2086500230394,1786447425,998 trades — market-maker/scalper profile
0x492bb408693470df7d031ef48f3a5466055b45ee,dmoralez,ARB,0,0,16,4,0.8,20,1,996,40650.28029959941,1786750059,holds both sides in 90% of markets
0x4bff30af91642dc7d2b19a8664378fe55c45fc26,Sassy-Bucket,SCALPER,0,0,104,116,0.4727272727272727,220,1,1000,-610604.3056094517,1786425627,1000 trades — market-maker/scalper profile
0x4c1a4d3f08279b5a035c5c8c26a2c522fcd88985,op1umfan,NORMAL,0,0,0,0,0.0,0,3,12,0.0,1786638428,only 0 resolved markets — not enough history
0x4ebc2722adc772bde8680792d0a6fdf15499a33d,aaaa298,ARB,0,0,24,17,0.5853658536585366,41,3,2616,5921.208291786157,1786757900,holds both sides in 84% of markets
0x4f29e103339919c4baaea2a60195cf1c8bb27a7e,0x4f2,SCALPER,0,0,256,97,0.7252124645892352,353,0,1000,155708.68144799996,1786426209,1000 trades — market-maker/scalper profile
0x4fbfee91cb92887382dfc18387b87eba7954f319,PashaShnei,NORMAL,0,0,3,0,1.0,3,9,35,103.79651699374426,1786486815,only 3 resolved markets — not enough history
0x51f9122c7ed2ceb749d8d63617153e98d3ba19a0,kozelblack,SCALPER,0,0,656,6,0.9909365558912386,663,3,1051,117438.21010973971,1786739865,1051 trades — market-maker/scalper profile
0x5268527977f700f9bf9b6d5cd843859e4e70135d,HomeRunHazard,ARB,0,0,74,63,0.5401459854014599,139,19,998,33771.02183901346,1786425689,holds both sides in 55% of markets
0x528ff0b0cc2c8228721b30828ea574aba54e2101,PFL27,SCALPER,0,0,241,231,0.510593220338983,473,22,1000,-8715.797642878975,1786659706,1000 trades — market-maker/scalper profile
0x52ecea7b3159f09db589e4f4ee64872fd0bba6f3,fkigedgjdgwbg,ARB,0,0,115,140,0.45098039215686275,255,3,1000,43641.068517939435,1786695696,holds both sides in 46% of markets
0x56acab44cfca2e88bb9b3406890aea7bfa0cd77e,dv-pm,SCALPER,0,0,480,494,0.4928131416837782,975,19,1000,106571.13161318954,1786425822,1000 trades — market-maker/scalper profile
0x56c9fbdeccf198f1f5ad95ace39b24f5f7fb0d9e,redvinny,SCALPER,0,0,83,38,0.6859504132231405,121,19,1000,175754.4376819774,1786723206,1000 trades — market-maker/scalper profile
0x58f8f1138be2192696378629fc9aa23c7910dc70,bloodmaster,SCALPER,0,0,265,83,0.7614942528735632,348,13,1000,456480.9116426493,1786425934,1000 trades — market-maker/scalper profile
0x5997eb0e6099b11a9baaa0572e7655dd28900bee,AOEE,NORMAL,0,0,0,1,0.0,1,3,9,-261.7956,1786547386,only 1 resolved markets — not enough history
0x59e2375db01a8116f6d578c441107d8f0ed81c55,SpecStavok,SCALPER,0,0,416,71,0.8542094455852156,487,1,1000,99745.87033000034,1786561807,1000 trades — market-maker/scalper profile
0x5a3c2e8e5e4dea3e41dea2916a34327dbd3238d3,romulkvirin,SCALPER,0,0,149,310,0.32461873638344224,459,2,999,24105.7104978478,1786547366,999 trades — market-maker/scalper profile
0x5b9115312cb4fc2b2b57c65045e611092f222709,x26,SCALPER,0,0,309,59,0.8396739130434783,371,43,1000,38420.055810695376,1786727169,1000 trades — market-maker/scalper profile
0x5c7ae9d70bcee044792a656173d085e27da01a97,anon0x5C7Ae,SCALPER,0,0,0,0,0.0,0,31,1364,0.0,1786598366,1364 trades — market-maker/scalper profile
0x5d748cf9e4f90dcbf26c25c7ed1a9c741e41ee45,OkaneKasegu,SCALPER,0,0,280,184,0.603448275862069,465,37,943,88710.26855980328,1786503960,943 trades — market-maker/scalper profile
0x5e8e7771121f4f8f9f7739ddecfe2baa2d918212,littlelonely888,ARB,0,0,60,31,0.6593406593406593,92,7,313,6942.547835664133,1786705314,holds both sides in 52% of markets
0x5eda0d6cb641a76098e5cb3c9c76e57f3ecd92a7,3678836g,SCALPER,0,0,117,36,0.7647058823529411,154,51,1000,12341.636541080521,1786648257,1000 trades — market-maker/scalper profile
0x629da223adfc9957329e02de95ae3d263f92756c,jackinv1lvl2,ARB,0,0,52,72,0.41935483870967744,124,19,992,-99.57948999565157,1786616104,holds both sides in 44% of markets
0x62c68066fe7466ad3048a4adff9ad18cfecdab7b,lucianow34,SCALPER,0,0,297,202,0.5951903807615231,500,3,1000,55012.550417013634,1786527799,1000 trades — market-maker/scalper profile
0x633e96a4b7ae543522358282eafa023fe61bd305,0x633e96a4b7ae543522358282eafa023fe61bd305-1783406206089,SCALPER,0,0,159,210,0.43089430894308944,370,82,1000,-6075.052864294457,1786543234,1000 trades — market-maker/scalper profile
0x64e93f87d8a0c1b2cde6f20d71f211372a95eb4c,oudine2,SCALPER,0,0,127,132,0.49034749034749037,259,1,1000,20054.069842592162,1786426168,1000 trades — market-maker/scalper profile
0x664a25f165a0150ce687410470f3352f5783fc5f,itsonlyamatteroftime,ARB,0,0,21,21,0.5,42,17,1000,-187.3884199056664,1786719487,holds both sides in 41% of markets
0x6c104a31c105ab2573a42e0f178f961e4496df5c,Belgaron,SCALPER,0,0,159,75,0.6794871794871795,234,129,996,13863.217588470818,1786633766,996 trades — market-maker/scalper profile
0x6d20c35f65d9899b6d6b74f8466e824580f9a165,Djdjdjekekek,SCALPER,0,0,101,96,0.5126903553299492,197,0,1000,3094829.8115216363,1786425614,1000 trades — market-maker/scalper profile
0x6d9fc316c3b8377060a44b852ba664adbfd59790,MEPP,SCALPER,0,0,90,36,0.7142857142857143,126,67,1000,213039.86943948295,1786447412,1000 trades — market-maker/scalper profile
0x6db983ff1cbc85249e64e6ccd101aaa613ba4ab5,tsihkodiives,SCALPER,0,0,72,95,0.4311377245508982,168,53,995,26565.29794520435,1786798228,995 trades — market-maker/scalper profile
0x6dcd035b360131b5b490ead8ad5861a1871b5ef7,ohtheshame,SCALPER,0,0,210,97,0.6840390879478827,309,12,1000,25383.12284911625,1786798195,1000 trades — market-maker/scalper profile
0x6e2c0e9474af7d720e5aba2a5b0bb6f723b7787c,ASPEN88888,ARB,0,0,67,41,0.6203703703703703,108,11,5431,26533.19745125133,1786794528,holds both sides in 92% of markets
0x746295855be6f49fe2da2accd69ea34b3cf23ac3,0x746295855BE6F49fE2DA2AcCD69eA34b3Cf23Ac3-1762436472554,SCALPER,0,0,187,133,0.584375,320,11,999,4717.845022313637,1786527765,999 trades — market-maker/scalper profile
0x775d9de0c72c76a459fadfbb4cd79d5715236beb,imake1mil,ARB,0,0,60,45,0.5714285714285714,105,13,999,1365.454400001937,1786527831,holds both sides in 53% of markets
0x7bccd2d3dfd370f65aa3cc5d51c7c9649ad9b4fa,genrysetaj,SCALPER,0,0,168,130,0.5637583892617449,298,4,907,27149.718385624066,1786527777,907 trades — market-maker/scalper profile
0x7dd60666cfc3b970b1202d149a35d5d3b8a8f386,Paxman,NORMAL,0,0,3,0,1.0,3,4,7,469.85499999999996,1786432705,only 3 resolved markets — not enough history
0x7e5972bfc25819775ee5a9d4f191919375487b8b,Gaditima,SCALPER,0,0,31,37,0.45588235294117646,68,74,998,6929.982020017644,1786623171,998 trades — market-maker/scalper profile
0x7f45081bef5139c18e59c2818fe7cefe31810788,,NORMAL,0,0,0,0,0.0,0,1,19,0.0,1786776530,only 0 resolved markets — not enough history
0x80cf6712f17249a90d0811201db95c433a4b7611,agrarward,SCALPER,0,0,604,7,0.9885433715220949,662,2,1000,22382.887364917642,1786739852,1000 trades — market-maker/scalper profile
0x81f8552d27f27afbd55ce908dc53063f99dc5f84,0x81F8552D27f27afbD55CE908Dc53063f99dC5F84-1783094614519,SCALPER,0,0,633,13,0.9798761609907121,659,16,899,132.18375430554943,1786794582,899 trades — market-maker/scalper profile
0x82dca3851445e005b8f21a2814db1439189f5700,white-rabbit,ARB,0,0,117,66,0.639344262295082,183,5,999,68546.957830576,1786565425,holds both sides in 57% of markets
0x8488ef25f79c0cf2ffdff307973b2ac10464588c,rabby10,SCALPER,0,0,75,90,0.45454545454545453,165,28,999,-79870.69182977163,1786426126,999 trades — market-maker/scalper profile
0x85bbb00a84f100a74ec6a479ce6f8f45b04c9ada,Prelode,SCALPER,0,0,139,298,0.3180778032036613,437,72,928,171056.15049389747,1786633786,928 trades — market-maker/scalper profile
0x93fb8127a1b21a112b11af936361225df0563e4a,LlamaLoco0000,SCALPER,0,0,93,116,0.4449760765550239,210,62,1000,390710.75375512213,1786425911,1000 trades — market-maker/scalper profile
0x9703676286b93c2eca71ca96e8757104519a69c2,AnonymousUsername,SCALPER,0,0,283,65,0.8132183908045977,349,59,1000,9046.943963502517,1786425883,1000 trades — market-maker/scalper profile
0x97627da73b93a4a5a1ac16c9f2ff8634887573fb,0x97627dA73b93A4A5a1aC16C9F2Ff8634887573Fb-1773608924373,SCALPER,0,0,351,126,0.7358490566037735,479,96,973,-5509.328165222914,1786779380,973 trades — market-maker/scalper profile
0x99012d12a47cb06e777cbacb156dbd82edfc6046,SuperFake,SCALPER,0,0,70,22,0.7608695652173914,92,6,999,141.9575219846301,1786442679,999 trades — market-maker/scalper profile
0x996ac56c9e72b6ca38a30ae9f6e85152d9afe3cc,backback,SCALPER,0,0,709,16,0.9779310344827586,742,12,1000,121441.25564350632,1786532692,1000 trades — market-maker/scalper profile
0x9b963178d3b8765cfc5af94c00550d6ec6c54389,Rayaya,SCALPER,0,0,497,139,0.7814465408805031,636,4,860,117230.12088204412,1786620158,860 trades — market-maker/scalper profile
0x9c987f84d18a4dd640909409b31212fbb805f4f4,Moonshot1019,SCALPER,0,0,216,169,0.561038961038961,385,30,1000,78630.0751133061,1786610380,1000 trades — market-maker/scalper profile
0x9d84ce0306f8551e02efef1680475fc0f1dc1344,ImJustKen,SCALPER,0,0,186,101,0.6480836236933798,287,143,1000,1481181.5603750134,1786426201,1000 trades — market-maker/scalper profile
0x9ddfa4d5b954379a03d19f87df36b9820b862c83,OkieDokiePeon,SCALPER,0,0,89,37,0.7063492063492064,127,55,999,18152.23980063575,1786450325,999 trades — market-maker/scalper profile
0x9e3ed7b661a903fc97afcf49e0f014ebe869f882,0x9e3ed7b661a903fc97afcf49e0f014ebe869f882-1783406009396,SCALPER,0,0,87,107,0.4484536082474227,194,234,981,12973.414954956817,1786762645,981 trades — market-maker/scalper profile
0x9f66aa958734d9d5af35f5f19a276d23e84f3a50,MrMelonHead,SCALPER,0,0,108,45,0.7058823529411765,153,63,1000,6489.968814665501,1786727144,1000 trades — market-maker/scalper profile
0xa0f21e6d351baa9185716b5c00c2925ed9621848,,SCALPER,0,0,97,87,0.5271739130434783,184,32,2081,21055.416870036894,1786746626,2081 trades — market-maker/scalper profile
0xa4b366ad22fc0d06f1e934ff468e8922431a87b8,HolyMoses7,SCALPER,0,0,69,20,0.7752808988764045,89,98,1000,1378.2676586564398,1786450349,1000 trades — market-maker/scalper profile
0xa69cd17a239f8827564ceae501a7d5309c5ab1ac,,NORMAL,0,0,0,0,0.0,0,1,6,0.0,1786552078,only 0 resolved markets — not enough history
0xa71093cafc0c099b4ccab24c3cb8018d817923c4,Talvez10,SCALPER,0,0,400,370,0.5194805194805194,770,0,1000,919390.8320721758,1786425602,1000 trades — market-maker/scalper profile
0xa8c63f775ddbbe66b56614191747def3021444e8,Tenebrus7,SCALPER,0,0,154,29,0.8415300546448088,183,130,1000,98938.87655079915,1786475470,1000 trades — market-maker/scalper profile
0xa9e37dc9a42a5bd083e584dbbcde6723033c706f,lumetea,SCALPER,0,0,286,113,0.7167919799498746,399,7,1000,-1943.8139065226924,1786543260,1000 trades — market-maker/scalper profile
0xaa57cd0782fb4583206ce547379e6442db61a128,mpoly,SCALPER,0,0,265,79,0.7703488372093024,344,7,1043,26465.348431613045,1786556040,1043 trades — market-maker/scalper profile
0xaba6eb96620a77cf5777dae47a40a15bf8510cd9,,NORMAL,0,0,1,0,1.0,1,12,41,44.339622002075465,1786768675,only 1 resolved markets — not enough history
0xafe4272b4fb0bcc1d734ee2cdec3e78cdc94f3f7,QuentinChen,SCALPER,0,0,210,204,0.5072463768115942,414,1,941,212675.06188146007,1786426309,941 trades — market-maker/scalper profile
0xb0c85813a7a4428f1139ff91d3118a92c391fe7f,.tak-r.anymore..,SCALPER,0,0,15,6,0.7142857142857143,22,500,1000,-126.97336399198383,1786426360,1000 trades — market-maker/scalper profile
0xb1ca909e848cc24ec4e220ce1c453bc290c51705,abdkxrhxr,SCALPER,0,0,104,41,0.7172413793103448,145,687,1120,60124.656639299224,1786779423,1120 trades — market-maker/scalper profile
0xb6ce76828a51b382f7e88cbb9baa0f03f9c17a7d,black-rabbit,ARB,0,0,116,68,0.6304347826086957,185,5,1000,59044.57910940325,1786565428,holds both sides in 53% of markets
0xbacd00c9080a82ded56f504ee8810af732b0ab35,ScottyNooo,ARB,0,0,119,86,0.5804878048780487,205,36,1000,18011.613685621713,1786460980,holds both sides in 32% of markets
0xbca08c1bc204a34f2fddbe47b438b9bd42ac9705,1winstreak1,ARB,0,0,84,74,0.5316455696202531,158,2,1000,29170.01375234711,1786425939,holds both sides in 59% of markets
0xc2de93c744f3406ff4a67623913d3c6df4116781,machbut,SCALPER,0,0,19,13,0.59375,32,4,951,73568.88912233803,1786576335,951 trades — market-maker/scalper profile
0xc34b4901be324718c176100e350211d97b199296,ForAndWithYou,SCALPER,0,0,589,264,0.690504103165299,855,2,1000,422603.39226875507,1786629630,1000 trades — market-maker/scalper profile
0xc3ca1a42fd9217b2d02fb05980c1803af462688e,ThePrinceThatWasPromised,NORMAL,0,0,0,0,0.0,0,6,53,0.0,1786633780,only 0 resolved markets — not enough history
0xc550e5ee1011afb6d37c7fbb18fea32e03f9272d,alwaysOn,SCALPER,0,0,229,35,0.8674242424242424,264,54,1000,19158.9416729381,1786486813,1000 trades — market-maker/scalper profile
0xc69bd5567b40ef4d11922eaa57e1f9be1c642076,ISHOWSPEEDSUPERFAN,SCALPER,0,0,0,0,0.0,0,1,1000,0.0,1786426323,1000 trades — market-maker/scalper profile
0xc8075693f48668a264b9fa313b47f52712fcc12b,texaskid,SCALPER,0,0,331,303,0.5220820189274448,634,2,1000,-32934.04691426594,1786426077,1000 trades — market-maker/scalper profile
0xccd81fbd3395dc43a0531f8484b21c2462daf4de,0F62,SCALPER,0,0,193,164,0.5406162464985994,357,5,1000,-212261.358510145,1786426381,1000 trades — market-maker/scalper profile
0xce203519c2db8a050042ded95f9c6bde2ac80b7b,Aurora3979,SCALPER,0,0,315,192,0.621301775147929,507,14,1017,-13905.50993230932,1786556037,1017 trades — market-maker/scalper profile
0xd0ac6e6b585c00042a0552a6cf35f2f056ef7dee,AshHaykArs,SCALPER,0,0,200,39,0.8368200836820083,243,2,1000,31959.542024560695,1786739808,1000 trades — market-maker/scalper profile
0xd1a850ad821b49e585edb0af3f2c7e6cb07a6427,fangfang123,ARB,0,0,53,36,0.5955056179775281,89,4,1000,27429.684100468596,1786527804,holds both sides in 58% of markets
0xd487f513cfead22d76b6db4567c756b3cf25053e,467j6yj,SCALPER,0,0,405,4,0.9902200488997555,409,7,999,1221831.1353874474,1786543274,999 trades — market-maker/scalper profile
0xd72a565e6f00a685f17a8f1ab29572c632e55ab8,Parminter,NORMAL,0,0,2,0,1.0,2,8,12,54.70264000000003,1786432672,only 2 resolved markets — not enough history
0xd8d5289c35124b5353f5a10a28b8cc29aec38935,D8D5289c35124b5353f5A10A28B8cC29aEC38935,SCALPER,0,0,266,39,0.8721311475409836,306,188,1000,95240.78374974307,1786432700,1000 trades — market-maker/scalper profile
0xd991f59a083d4f3090393846b0ef362d5a90c161,fxwd12345,SCALPER,0,0,569,248,0.6964504283965728,820,10,1000,32951.75663535282,1786532756,1000 trades — market-maker/scalper profile
0xdb859a551fcf56e49416160911476bea7307152f,AV23IUa,SCALPER,0,0,351,430,0.4494238156209987,781,9,1000,550166.8532422266,1786425974,1000 trades — market-maker/scalper profile
0xdc5bd11896bfb0fb335dad88d99a7e9a6bc3f102,ztao,SCALPER,0,0,484,233,0.6750348675034867,717,9,1000,-13959.870544695545,1786620181,1000 trades — market-maker/scalper profile
0xddb6e6246546230503f153506ac1e9914978b9b3,baseinv3,ARB,0,0,39,47,0.45348837209302323,86,20,984,1437.2087800050458,1786616110,holds both sides in 38% of markets
0xde9f7f4e77a1595623ceb58e469f776257ccd43c,tradecraft,ARB,0,0,84,85,0.4970414201183432,169,7,999,-49004.22035877065,1786543239,holds both sides in 72% of markets
0xdee31034faa022b8a324eeb8496798735d5a6fe5,WarewaPain,SCALPER,0,0,82,111,0.42487046632124353,193,3,1000,-8894.711486715758,1786532808,1000 trades — market-maker/scalper profile
0xe40aaa5ce1dac0b7dc24c9d0284f27e17c3fe4a2,Mysaria,SCALPER,0,0,0,0,0.0,0,579,1000,0.0,1786425858,1000 trades — market-maker/scalper profile
0xe6cff64f34937adc9cf886c988f8ad9af7c21b41,goodboya,NORMAL,0,0,0,0,0.0,0,6,24,0.0,1786779346,only 0 resolved markets — not enough history
0xe88d4252391deb5f3b940722a5af742fc0d76a3a,,NORMAL,0,0,0,0,0.0,0,1,7,0.0,1786437087,only 0 resolved markets — not enough history
0xe8e086f7ef06af27889edfb5026e1453c61d7eec,15perces,ARB,0,0,151,148,0.5050167224080268,299,31,1992,2377.4886000044867,1786739863,holds both sides in 35% of markets
0xe9076a87c5ed90ef16e6fe6529c943baeca0cff6,suntori,SCALPER,0,0,188,167,0.5295774647887324,355,271,1986,29097.84673799294,1786798218,1986 trades — market-maker/scalper profile
0xe91171f655be1568e4c63f29663c0028649e3d4e,0xE91171f655bE1568e4c63f29663c0028649e3d4e-1765651946286,ARB,0,0,69,81,0.46,152,62,1000,-5599.2278580519,1786715737,holds both sides in 36% of markets
0xeb22f4735df6bd5d14e1b5fd10faefa7757d808a,BigRabbit,SCALPER,0,0,224,162,0.5803108808290155,386,48,1000,324877.83713579207,1786638447,1000 trades — market-maker/scalper profile
0xeb6f0a13ea8c5a7a0514c25495adbe815c1025f0,87879809837209837982,SCALPER,0,0,70,29,0.7070707070707071,100,65,1015,214468.3585119513,1786532659,1015 trades — market-maker/scalper profile
0xed446954680979932092e970b443e6ae61e34f76,iii252,SCALPER,0,0,137,5,0.9647887323943662,143,2,1002,46048.937212619174,1786743037,1002 trades — market-maker/scalper profile
0xefcedda09b4f2224c856edbd9c41c1d6db124e4a,,SCALPER,0,0,213,184,0.5365239294710328,397,28,1000,-5828.465659352534,1786447404,1000 trades — market-maker/scalper profile
0xf148f9acb3d2b140792640b92dffea6bb2550b4f,Fnfjfiwoc2,SCALPER,0,0,135,172,0.43973941368078173,307,12,1000,-3708.9174375071384,1786798233,1000 trades — market-maker/scalper profile
0xf25358f32e5b8b67306452f846d58bea61d9c69d,h1-,NORMAL,0,0,1,1,0.5,2,4,6,-66.42857103261906,1786746617,only 2 resolved markets — not enough history
0xf29d0598f0ca4b55de72967f6d293e823d356c61,,NORMAL,0,0,0,0,0.0,0,1,13,0.0,1786700242,only 0 resolved markets — not enough history
0xf377b9fb12a4b7507a4f997461a73eb30b564159,danielwolfmorales3pddb6dl6,SCALPER,0,0,116,131,0.46963562753036436,247,1,1000,248204.49150557985,1786426103,1000 trades — market-maker/scalper profile
0xf3ef6ac0510c9eabc42fbb146b5c3c64edc1ca6b,239393828,ARB,0,0,85,29,0.7456140350877193,114,17,1000,29409.787740295476,1786565422,holds both sides in 50% of markets
0xf59ca5004f511b67d21226f2eb0fe0786f849f3f,Parishs,NORMAL,0,0,4,0,1.0,4,7,13,782.8299999999999,1786432671,only 4 resolved markets — not enough history
0xf64e4932a8ef1dd3c45e8b1f675f630f0763a1dd,zhong333,ARB,0,0,32,16,0.6666666666666666,48,2,1000,16883.294758736018,1786695699,holds both sides in 100% of markets
0xf68a281980f8c13828e84e147e3822381d6e5b1b,Nooserac,SCALPER,0,0,412,284,0.5919540229885057,696,47,999,47826.57271007923,1786426288,999 trades — market-maker/scalper profile
0xf9b71663d723d28fa455db659098e1dacde860a4,siick,SCALPER,0,0,217,146,0.5977961432506887,364,90,1000,123535.69041750566,1786598363,1000 trades — market-maker/scalper profile
0xf9d6bdeab230b7f65dbe236196d01bad8488730a,MysteryPlayerAF,SCALPER,0,0,100,91,0.5235602094240838,192,17,1209,-42855.63268977325,1786629662,1209 trades — market-maker/scalper profile
0xf9f207b77137caa79c6c4516abdef3133db45cba,extractive-manatee,SCALPER,0,0,266,268,0.49812734082397003,534,104,1000,12532.551819745255,1786604367,1000 trades — market-maker/scalper profile
0xfb5148fc7223630e0967dbfa8cd920d83ab4742d,StudentMoney,SCALPER,0,0,227,51,0.8165467625899281,278,80,1000,316698.3381678192,1786648274,1000 trades — market-maker/scalper profile
0xfbd8c9c22ca76b3662d0e53a4f79719fdc684027,0xfBd8C9C22cA76B3662d0e53A4f79719FDC684027-1779347618060,SCALPER,0,0,6,2,0.75,9,638,1000,2.35590099841549,1786425668,1000 trades — market-maker/scalper profile
0xfd1c01b6e76cfe06f934bef5b5db52ea4c792746,arturfml131,NORMAL,0,0,0,0,0.0,0,1,2,0.0,1786432702,only 0 resolved markets — not enough history
0xfdc0bd67fbd71aa8edd00121eb2a7fcbddc34b85,oneheadedtiger,ARB,0,0,144,128,0.5294117647058824,272,23,1952,4193.504536141702,1786783001,holds both sides in 40% of markets
0xfe787d2da716d60e8acff57fb87eb13cd4d10319,ferrariChampions2026,SCALPER,0,0,182,203,0.4727272727272727,385,6,1000,-46557.54163586718,1786425554,1000 trades — market-maker/scalper profile
0xfeb99d66220e6b94799f4ef0a3cfb12b3f9495c9,Gamer-Girl,SCALPER,0,0,176,169,0.5101449275362319,345,10,1000,6628.060520572773,1786793184,1000 trades — market-maker/scalper profile
0xff7ca9cd180d33119e653e3eb50555a3e2ccb233,NoSteinNoGate,SCALPER,0,0,49,41,0.5444444444444444,90,200,1000,1274.3642098280698,1786447378,1000 trades — market-maker/scalper profile
